word;Nb_char (C_w);Freq (F_w);Nb_scan (S_w);Nb_act;S_w x F_w;C_w x F_w
my;2;23;13;4;299;46
watch;5;3;25;10;75;15
fell;4;1;21;8;21;4
in;2;34;9;4;306;68
the;3;189;11;6;2079;567
water;5;7;22;10;154;35
prevailing;10;1;54;20;54;10
wind;4;2;22;8;44;8
from;4;5;21;8;105;20
east;4;2;15;8;30;8
never;5;9;23;10;207;45
too;3;15;11;6;165;45
rich;4;1;21;8;21;4
and;3;20;14;6;280;60
thin;4;1;17;8;17;4
breathing;9;1;43;18;43;9
is;2;85;10;4;850;170
difficult;9;3;50;18;150;27
i;1;26;5;2;130;26
can;3;9;14;6;126;27
see;3;5;11;6;55;15
rings;5;1;26;10;26;5
on;2;17;8;4;136;34
saturn;6;1;28;12;28;6
physics;7;1;40;14;40;7
chemistry;9;1;45;18;45;9
are;3;36;12;6;432;108
hard;4;4;20;8;80;16
bank;4;2;23;8;46;8
account;7;1;34;14;34;7
overdrawn;9;1;46;18;46;9
elections;9;1;39;18;39;9
bring;5;2;28;10;56;10
out;3;11;14;6;154;33
best;4;2;18;8;36;8
we;2;15;10;4;150;30
having;6;1;33;12;33;6
spaghetti;9;1;42;18;42;9
time;4;6;17;8;102;24
to;2;57;7;4;399;114
go;2;6;11;4;66;12
shopping;8;2;44;16;88;16
a;1;108;4;2;432;108
problem;7;1;38;14;38;7
with;4;17;20;8;340;68
engine;6;1;26;12;26;6
elephants;9;1;40;18;40;9
afraid;6;1;30;12;30;6
of;2;54;10;4;540;108
mice;4;1;20;8;20;4
favorite;8;4;38;16;152;32
place;5;2;26;10;52;10
visit;5;2;26;10;52;10
three;5;3;19;10;57;15
two;3;3;14;6;42;9
one;3;9;11;6;99;27
zero;4;2;20;8;40;8
blast;5;1;25;10;25;5
off;3;3;16;6;48;9
subject;7;2;39;14;78;14
psychology;10;1;58;20;58;10
circumstances;13;1;65;26;65;13
unacceptable;12;1;60;24;60;12
for;3;27;15;6;405;81
low;3;1;17;6;17;3
flying;6;1;35;12;35;6
objects;7;2;36;14;72;14
if;2;6;11;4;66;12
at;2;9;7;4;63;18
first;5;4;24;10;96;20
you;3;49;18;6;882;147
do;2;20;10;4;200;40
not;3;18;11;6;198;54
succeed;7;1;36;14;36;7
please;6;5;28;12;140;30
provide;7;1;38;14;38;7
your;4;22;23;8;506;88
date;4;1;16;8;16;4
birth;5;1;25;10;25;5
run;3;2;16;6;32;6
risk;4;2;23;8;46;8
failure;7;1;36;14;36;7
prayer;6;1;31;12;31;6
schools;7;1;35;14;35;7
offends;7;1;34;14;34;7
some;4;4;18;8;72;16
he;2;11;8;4;88;22
just;4;6;23;8;138;24
like;4;8;22;8;176;32
everyone;8;2;37;16;74;16
else;4;2;17;8;34;8
great;5;1;22;10;22;5
disturbance;11;1;55;22;55;11
force;5;3;24;10;72;15
love;4;3;21;8;63;12
means;5;2;22;10;44;10
many;4;5;21;8;105;20
things;6;2;29;12;58;12
must;4;11;21;8;231;44
be;2;19;10;4;190;38
getting;7;2;32;14;64;14
old;3;1;16;6;16;3
world;5;2;28;10;56;10
stage;5;1;22;10;22;5
skate;5;1;23;10;23;5
sister;6;1;26;12;26;6
today;5;4;24;10;96;20
neither;7;1;28;14;28;7
borrower;8;1;40;16;40;8
nor;3;1;13;6;13;3
lender;6;1;27;12;27;6
heck;4;1;22;8;22;4
question;8;5;39;16;195;40
that;4;16;15;8;240;64
answered;8;1;37;16;37;8
beware;6;1;29;12;29;6
ides;4;1;19;8;19;4
march;5;1;26;10;26;5
double;6;2;33;12;66;12
toil;4;1;18;8;18;4
trouble;7;1;35;14;35;7
power;5;1;26;10;26;5
denial;6;1;28;12;28;6
agree;5;2;22;10;44;10
say;3;2;16;6;32;6
anything;8;1;39;16;39;8
play;4;6;24;8;144;24
it;2;11;8;4;88;22
again;5;1;24;10;24;5
sam;3;1;15;6;15;3
jedi;4;1;22;8;22;4
yet;3;1;13;6;13;3
an;2;14;8;4;112;28
offer;5;1;24;10;24;5
cannot;6;3;25;12;75;18
refuse;6;1;29;12;29;6
talking;7;1;37;14;37;7
me;2;4;9;4;36;8
yes;3;1;15;6;15;3
very;4;24;23;8;552;96
smart;5;3;23;10;69;15
all;3;12;16;6;192;36
work;4;6;24;8;144;24
no;2;5;8;4;40;10
hair;4;2;19;8;38;8
gel;3;1;16;6;16;3
greasy;6;1;31;12;31;6
valium;6;1;36;12;36;6
economy;7;1;34;14;34;7
size;4;1;21;8;21;4
facts;5;2;24;10;48;10
get;3;9;13;6;117;27
way;3;6;18;6;108;18
dreamers;8;1;37;16;37;8
dreams;6;1;29;12;29;6
did;3;5;17;6;85;15
have;4;7;20;8;140;28
good;4;17;21;8;357;68
space;5;1;25;10;25;5
high;4;5;22;8;110;20
priority;8;1;41;16;41;8
wonderful;9;1;48;18;48;9
example;7;1;37;14;37;7
squander;8;1;42;16;42;8
drink;5;2;28;10;56;10
much;4;6;24;8;144;24
take;4;4;18;8;72;16
coffee;6;5;28;12;140;30
break;5;1;27;10;27;5
popularity;10;1;55;20;55;10
desired;7;1;33;14;33;7
by;2;6;14;4;84;12
music;5;3;29;10;87;15
better;6;4;24;12;96;24
than;4;5;16;8;80;20
sounds;6;1;31;12;31;6
starlight;9;1;43;18;43;9
dewdrop;7;1;38;14;38;7
living;6;1;35;12;35;6
easy;4;1;19;8;19;4
fish;4;1;21;8;21;4
jumping;7;2;44;14;88;14
cotton;6;1;24;12;24;6
drove;5;1;26;10;26;5
chevy;5;1;29;10;29;5
levee;5;2;23;10;46;10
but;3;3;17;6;51;9
was;3;14;16;6;224;42
dry;3;2;18;6;36;6
took;4;3;19;8;57;12
rover;5;1;25;10;25;5
shop;4;2;21;8;42;8
movie;5;3;26;10;78;15
about;5;6;25;10;150;30
nutty;5;1;24;10;24;5
professor;9;1;44;18;44;9
come;4;6;19;8;114;24
our;3;10;16;6;160;30
new;3;3;14;6;42;9
car;3;2;15;6;30;6
coming;6;2;32;12;64;12
up;2;6;14;4;84;12
killer;6;1;33;12;33;6
sound;5;1;26;10;26;5
bites;5;1;23;10;23;5
am;2;3;10;4;30;6
going;5;1;27;10;27;5
lesson;6;1;27;12;27;6
opposing;8;1;43;16;43;8
team;4;2;16;8;32;8
over;4;2;20;8;40;8
there;5;5;19;10;95;25
soon;4;1;17;8;17;4
will;4;16;24;8;384;64
return;6;1;27;12;27;6
city;4;1;21;8;21;4
wearing;7;2;35;14;70;14
tie;3;2;11;6;22;6
jacket;6;3;32;12;96;18
quick;5;2;34;10;68;10
brown;5;1;27;10;27;5
fox;3;2;18;6;36;6
jumped;6;1;37;12;37;6
together;8;1;33;16;33;8
big;3;5;19;6;95;15
pile;4;1;21;8;21;4
wear;4;1;19;8;19;4
crown;5;1;26;10;26;5
jewels;6;1;32;12;32;6
fog;3;1;17;6;17;3
tonight;7;2;31;14;62;14
allergic;8;1;42;16;42;8
bees;4;1;18;8;18;4
peanuts;7;1;33;14;33;7
still;5;2;25;10;50;10
dow;3;1;17;6;17;3
jones;5;1;24;10;24;5
index;5;1;26;10;26;5
has;3;8;14;6;112;24
risen;5;1;22;10;22;5
preferred;9;1;43;18;43;9
treat;5;1;18;10;18;5
chocolate;9;2;41;18;82;18
king;4;1;24;8;24;4
sends;5;1;23;10;23;5
tower;5;1;22;10;22;5
subjects;8;1;44;16;44;8
obey;4;1;21;8;21;4
mom;3;1;16;6;16;3
made;4;2;19;8;38;8
her;3;4;13;6;52;12
turtleneck;10;1;48;20;48;10
goldilocks;10;1;57;20;57;10
bears;5;1;24;10;24;5
went;4;1;17;8;17;4
grocery;7;1;37;14;37;7
assignment;10;1;46;20;46;10
due;3;1;16;6;16;3
what;4;8;19;8;152;32
information;11;2;50;22;100;22
only;4;3;21;8;63;12
quarter;7;1;35;14;35;7
century;7;1;35;14;35;7
store;5;1;20;10;20;5
close;5;1;24;10;24;5
ten;3;2;10;6;20;6
head;4;2;18;8;36;8
shoulders;9;1;46;18;46;9
knees;5;1;23;10;23;5
toes;4;1;15;8;15;4
vanilla;7;1;37;14;37;7
flavored;8;1;42;16;42;8
ice;3;1;14;6;14;3
cream;5;2;24;10;48;10
frequently;10;1;52;20;52;10
asked;5;2;26;10;52;10
questions;9;3;44;18;132;27
round;5;2;26;10;52;10
robin;5;1;25;10;25;5
scheduling;10;1;54;20;54;10
super;5;1;27;10;27;5
highway;7;1;40;14;40;7
web;3;1;17;6;17;3
browser;7;1;36;14;36;7
laser;5;1;23;10;23;5
printer;7;1;32;14;32;7
jammed;6;1;33;12;33;6
boys;4;1;23;8;23;4
deserve;7;3;33;14;99;21
fudge;5;1;29;10;29;5
second;6;1;28;12;28;6
largest;7;2;33;14;66;14
country;7;2;36;14;72;14
call;4;1;22;8;22;4
more;4;5;18;8;90;20
details;7;1;32;14;32;7
party;5;1;26;10;26;5
weekend;7;2;34;14;68;14
video;5;1;26;10;26;5
camera;6;2;28;12;56;12
zoom;4;1;22;8;22;4
lens;4;1;18;8;18;4
monkey;6;2;32;12;64;12
sees;4;1;16;8;16;4
unfortunate;11;1;50;22;50;11
back;4;1;25;8;25;4
yard;4;2;22;8;44;8
house;5;5;24;10;120;25
this;4;21;18;8;378;84
idea;4;3;18;8;54;12
reading;7;2;34;14;68;14
week;4;1;21;8;21;4
here;4;1;16;8;16;4
fax;3;2;18;6;36;6
number;6;1;32;12;32;6
changed;7;1;35;14;35;7
thank;5;1;24;10;24;5
help;4;3;21;8;63;12
exchange;8;2;40;16;80;16
without;7;2;34;14;68;14
bill;4;1;24;8;24;4
early;5;1;25;10;25;5
bird;4;1;23;8;23;4
gets;4;2;18;8;36;8
worm;4;1;22;8;22;4
buckle;6;1;37;12;37;6
safety;6;1;28;12;28;6
handle;6;1;28;12;28;6
protect;7;1;31;14;31;7
environment;11;2;49;22;98;22
population;10;1;51;20;51;10
growing;7;1;39;14;39;7
library;7;3;39;14;117;21
closed;6;1;30;12;30;6
mary;4;1;22;8;22;4
had;3;2;15;6;30;6
little;6;3;26;12;78;18
lamb;4;1;23;8;23;4
teaching;8;1;37;16;37;8
services;8;1;40;16;40;8
accept;6;1;29;12;29;6
personal;8;1;38;16;38;8
checks;6;1;33;12;33;6
non;3;1;12;6;12;3
profit;6;1;30;12;30;6
organization;12;2;57;24;114;24
user;4;1;20;8;20;4
friendly;8;1;42;16;42;8
interface;9;1;39;18;39;9
healthy;7;1;33;14;33;7
food;4;3;20;8;60;12
hands;5;1;24;10;24;5
experience;10;2;47;20;94;20
job;3;2;19;6;38;6
expensive;9;5;46;18;230;45
postal;6;1;29;12;29;6
service;7;1;35;14;35;7
slow;4;1;22;8;22;4
communicate;11;2;54;22;108;22
through;7;4;36;14;144;28
email;5;1;24;10;24;5
capital;7;1;35;14;35;7
nation;6;4;24;12;96;24
travel;6;1;29;12;29;6
speed;5;2;24;10;48;10
light;5;2;26;10;52;10
fully;5;1;32;10;32;5
gas;3;2;16;6;32;6
bills;5;1;29;10;29;5
sent;4;2;15;8;30;8
monthly;7;2;35;14;70;14
earth;5;1;20;10;20;5
quakes;6;1;35;12;35;6
predictable;11;1;55;22;55;11
life;4;2;20;8;40;8
dream;5;1;24;10;24;5
recycling;9;1;49;18;49;9
depot;5;1;23;10;23;5
registered;10;2;45;20;90;20
mail;4;1;21;8;21;4
fall;4;1;22;8;22;4
season;6;1;25;12;25;6
animal;6;1;29;12;29;6
kids;4;1;24;8;24;4
excited;7;1;34;14;34;7
parking;7;3;40;14;120;21
lot;3;5;13;6;65;15
full;4;1;25;8;25;4
trucks;6;1;34;12;34;6
bike;4;1;23;8;23;4
flat;4;1;19;8;19;4
tire;4;1;16;8;16;4
walk;4;3;25;8;75;12
quickly;7;1;47;14;47;7
duck;4;1;27;8;27;4
quacks;6;1;38;12;38;6
ask;3;2;17;6;34;6
limited;7;1;34;14;34;7
warranty;8;1;39;16;39;8
years;5;1;24;10;24;5
four;4;2;22;8;44;8
seasons;7;1;30;14;30;7
sun;3;1;16;6;16;3
rises;5;2;23;10;46;10
windy;5;1;29;10;29;5
worry;5;1;28;10;28;5
dashing;7;1;36;14;36;7
snow;4;1;20;8;20;4
want;4;4;18;8;72;16
join;4;2;21;8;42;8
us;2;3;12;4;36;6
lunch;5;1;28;10;28;5
stay;4;1;19;8;19;4
away;4;2;22;8;44;8
strangers;9;1;41;18;41;9
accompanied;11;1;55;22;55;11
adult;5;1;26;10;26;5
later;5;1;21;10;21;5
alligator;9;1;44;18;44;9
make;4;6;21;8;126;24
day;3;3;17;6;51;9
sucker;6;1;34;12;34;6
now;3;1;15;6;15;3
she;3;2;13;6;26;6
wears;5;2;24;10;48;10
makeup;6;1;35;12;35;6
bare;4;1;19;8;19;4
face;4;1;19;8;19;4
batman;6;1;28;12;28;6
cape;4;1;20;8;20;4
hate;4;1;15;8;15;4
baking;6;1;35;12;35;6
pies;4;1;20;8;20;4
lydia;5;1;28;10;28;5
wants;5;2;23;10;46;10
home;4;4;18;8;72;16
win;3;3;16;6;48;9
prize;5;1;28;10;28;5
contest;7;1;28;14;28;7
freud;5;1;27;10;27;5
wrote;5;1;22;10;22;5
ego;3;1;14;6;14;3
care;4;2;18;8;36;8
always;6;4;33;12;132;24
cover;5;1;26;10;26;5
bases;5;1;24;10;24;5
nobody;6;1;32;12;32;6
cares;5;1;23;10;23;5
anymore;7;1;33;14;33;7
cards;5;2;26;10;52;10
rid;3;1;16;6;16;3
immediately;11;2;54;22;108;22
watched;7;3;34;14;102;21
blazing;7;1;41;14;41;7
saddles;7;1;35;14;35;7
sum;3;1;18;6;18;3
parts;5;1;24;10;24;5
they;4;3;18;8;54;12
yap;3;1;18;6;18;3
nothing;7;3;32;14;96;21
peek;4;1;21;8;21;4
window;6;2;33;12;66;12
before;6;3;28;12;84;18
midnight;8;3;41;16;123;24
played;6;1;33;12;33;6
pimp;4;1;25;8;25;4
skimmed;7;1;39;14;39;7
proposal;8;1;42;16;42;8
sweatshirt;10;1;45;20;45;10
war;3;1;16;6;16;3
bloodshed;9;1;46;18;46;9
toss;4;1;17;8;17;4
ball;4;1;23;8;23;4
around;6;1;30;12;30;6
meet;4;2;15;8;30;8
noon;4;1;16;8;16;4
hold;4;1;21;8;21;4
hand;4;1;19;8;19;4
children;8;1;40;16;40;8
playing;7;1;40;14;40;7
superman;8;1;41;16;41;8
wore;4;1;19;8;19;4
mask;4;1;23;8;23;4
listen;6;2;26;12;52;12
tape;4;1;17;8;17;4
everyday;8;1;43;16;43;8
shouting;8;1;40;16;40;8
loudly;6;1;36;12;36;6
correct;7;1;32;14;32;7
diction;7;1;33;14;33;7
seasoned;8;1;34;16;34;8
golfers;7;1;36;14;36;7
game;4;1;20;8;20;4
cooled;6;1;29;12;29;6
after;5;1;21;10;21;5
left;4;1;18;8;18;4
dog;3;5;17;6;85;15
sheds;5;1;24;10;24;5
his;3;2;15;6;30;6
patio;5;1;23;10;23;5
these;5;2;19;10;38;10
cookies;7;2;35;14;70;14
so;2;4;9;4;36;8
amazing;7;1;38;14;38;7
feel;4;2;18;8;36;8
presence;8;1;36;16;36;8
bite;4;1;18;8;18;4
most;4;3;18;8;54;12
ridiculous;10;1;56;20;56;10
thing;5;3;24;10;72;15
where;5;4;23;10;92;20
lovely;6;1;34;12;34;6
red;3;2;14;6;28;6
sunday;6;1;33;12;33;6
spilled;7;1;38;14;38;7
carpet;6;2;28;12;56;12
five;4;2;22;8;44;8
oceans;6;1;26;12;26;6
shall;5;1;26;10;26;5
olympic;7;1;41;14;41;7
athletes;8;1;32;16;32;8
use;3;1;15;6;15;3
drugs;5;3;30;10;90;15
mother;6;1;26;12;26;6
makes;5;3;26;10;78;15
deed;4;1;18;8;18;4
someone;7;2;29;14;58;14
knocking;8;1;46;16;46;8
flashing;8;1;42;16;42;8
stop;4;1;19;8;19;4
sprawling;9;2;50;18;100;18
subdivisions;12;1;66;24;66;12
bad;3;5;17;6;85;15
leave;5;3;24;10;72;15
glasses;7;2;35;14;70;14
cottage;7;1;30;14;30;7
chlorine;8;1;38;16;38;8
breaks;6;1;32;12;32;6
winter;6;1;27;12;27;6
santa;5;1;20;10;20;5
claus;5;1;28;10;28;5
got;3;1;14;6;14;3
stuck;5;2;29;10;58;10
public;6;1;38;12;38;6
transit;7;1;29;14;29;7
faster;6;3;26;12;78;18
few;3;1;16;6;16;3
phrases;7;1;34;14;34;7
fingers;7;1;35;14;35;7
cold;4;1;22;8;22;4
rain;4;3;18;8;54;12
universities;12;1;58;24;58;12
price;5;1;26;10;26;5
winner;6;1;28;12;28;6
race;4;1;18;8;18;4
drive;5;2;27;10;54;10
parkways;8;1;47;16;47;8
park;4;1;24;8;24;4
driveways;9;1;50;18;50;9
pizza;5;1;32;10;32;5
beer;4;1;18;8;18;4
effort;6;3;27;12;81;18
were;4;2;18;8;36;8
stupid;6;1;33;12;33;6
quite;5;1;26;10;26;5
as;2;3;9;4;27;6
think;5;2;25;10;50;10
camping;7;1;39;14;39;7
person;6;1;28;12;28;6
disaster;8;1;36;16;36;8
imagination;11;1;51;22;51;11
universally;11;1;60;22;60;11
understood;10;1;47;20;47;10
wrong;5;3;27;10;81;15
hours;5;1;26;10;26;5
opera;5;1;23;10;23;5
occasional;10;1;48;20;48;10
taste;5;1;18;10;18;5
victims;7;1;38;14;38;7
redress;7;1;32;14;32;7
protesters;10;1;43;20;43;10
blocked;7;1;40;14;40;7
traffic;7;1;35;14;35;7
acceptance;10;1;46;20;46;10
speech;6;1;29;12;29;6
boring;6;2;32;12;64;12
reach;5;1;23;10;23;5
summit;6;1;32;12;32;6
encouragement;13;1;59;26;59;13
needed;6;1;25;12;25;6
stiff;5;1;25;10;25;5
penalty;7;1;34;14;34;7
staying;7;2;35;14;70;14
late;4;4;16;8;64;16
pen;3;1;14;6;14;3
mightier;8;1;39;16;39;8
sword;5;1;27;10;27;5
exceed;6;1;29;12;29;6
maximum;7;1;42;14;42;7
limit;5;1;25;10;25;5
sharp;5;3;26;10;78;15
contrast;8;1;34;16;34;8
words;5;3;27;10;81;15
leather;7;1;29;14;29;7
warm;4;2;22;8;44;8
consequences;12;1;58;24;58;12
turn;4;1;19;8;19;4
mission;7;1;34;14;34;7
statement;9;1;34;18;34;9
baloney;7;1;35;14;35;7
loose;5;2;22;10;44;10
voice;5;1;26;10;26;5
every;5;4;26;10;104;20
apple;5;1;27;10;27;5
tree;4;1;14;8;14;4
sure;4;1;20;8;20;4
fourth;6;1;30;12;30;6
edition;7;1;30;14;30;7
system;6;2;29;12;58;12
taxation;8;1;35;16;35;8
beautiful;9;2;48;18;96;18
paintings;9;1;44;18;44;9
gallery;7;1;38;14;38;7
almost;6;1;28;12;28;6
long;4;2;21;8;42;8
meter;5;1;20;10;20;5
missed;6;1;30;12;30;6
birthday;8;1;42;16;42;8
coalition;9;1;41;18;41;9
governments;11;1;52;22;52;11
destruction;11;1;51;22;51;11
forest;6;1;26;12;26;6
tennis;6;1;24;12;24;6
acutely;7;1;36;14;36;7
aware;5;1;23;10;23;5
looks;5;2;27;10;54;10
eat;3;1;10;6;10;3
cake;4;1;21;8;21;4
machinery;9;1;45;18;45;9
complicated;11;3;56;22;168;33
glance;6;1;30;12;30;6
right;5;2;25;10;50;10
direction;9;1;41;18;41;9
figure;6;1;33;12;33;6
follow;6;1;33;12;33;6
guidelines;10;1;51;20;51;10
airport;7;1;33;14;33;7
busy;4;2;26;8;52;8
mystery;7;1;36;14;36;7
lost;4;1;18;8;18;4
lagoon;6;1;29;12;29;6
any;3;1;15;6;15;3
indication;10;1;46;20;46;10
chamber;7;1;36;14;36;7
important;9;4;41;18;164;36
decisions;9;1;43;18;43;9
phenomenon;10;1;44;20;44;10
occur;5;1;28;10;28;5
obligations;11;1;54;22;54;11
met;3;1;12;6;12;3
valid;5;1;29;10;29;5
until;5;1;25;10;25;5
end;3;1;13;6;13;3
year;4;1;19;8;19;4
file;4;1;20;8;20;4
complaints;10;1;50;20;50;10
writing;7;1;36;14;36;7
tickets;7;2;33;14;66;14
picture;7;1;36;14;36;7
worth;5;1;24;10;24;5
takes;5;3;23;10;69;15
nice;4;1;18;8;18;4
photographs;11;1;56;22;56;11
shack;5;1;28;10;28;5
buried;6;1;33;12;33;6
bone;4;3;18;8;54;12
daring;6;1;31;12;31;6
young;5;1;29;10;29;5
man;3;2;14;6;28;6
equation;8;1;38;16;38;8
express;7;1;36;14;36;7
delivery;8;1;43;16;43;8
fast;4;1;18;8;18;4
put;3;2;17;6;34;6
touchdown;9;1;46;18;46;9
last;4;1;18;8;18;4
minute;6;1;28;12;28;6
treasury;8;1;39;16;39;8
department;10;1;44;20;44;10
broke;5;1;27;10;27;5
response;8;2;36;16;72;16
well;4;1;22;8;22;4
connected;9;2;39;18;78;18
people;6;2;30;12;60;12
bathroom;8;1;38;16;38;8
generation;10;1;42;20;42;10
gap;3;1;18;6;18;3
wider;5;1;26;10;26;5
chemical;8;1;41;16;41;8
spill;5;2;29;10;58;10
forever;7;1;34;14;34;7
prepare;7;1;34;14;34;7
exam;4;1;21;8;21;4
advance;7;1;35;14;35;7
interesting;11;1;47;22;47;11
observation;11;1;52;22;52;11
transaction;11;1;47;22;47;11
etiquette;9;1;38;18;38;9
needs;5;2;21;10;42;10
investigate;11;1;50;22;50;11
stability;9;1;45;18;45;9
electrical;10;1;47;20;47;10
panel;5;1;24;10;24;5
silver;6;1;32;12;32;6
anniversary;11;1;54;22;54;11
presidential;12;1;56;24;56;12
suite;5;1;23;10;23;5
punishment;10;1;49;20;49;10
should;6;4;33;12;132;24
fit;3;2;14;6;28;6
crime;5;2;25;10;50;10
cheese;6;1;25;12;25;6
keeps;5;1;26;10;26;5
mind;4;2;21;8;42;8
registration;12;1;53;24;53;12
period;6;1;30;12;30;6
sympathy;8;1;44;16;44;8
objective;9;1;47;18;47;9
exercise;8;2;38;16;76;16
historic;8;1;38;16;38;8
meeting;7;2;31;14;62;14
result;6;1;29;12;29;6
reluctant;9;1;41;18;41;9
enter;5;1;18;10;18;5
addition;8;1;37;16;37;8
subtraction;11;1;53;22;53;11
six;3;2;18;6;36;6
daughters;9;1;45;18;45;9
seven;5;2;23;10;46;10
sons;4;1;18;8;18;4
thoroughly;10;1;53;20;53;10
disgusting;10;1;54;20;54;10
sign;4;1;21;8;21;4
withdrawal;10;1;52;20;52;10
slip;4;1;23;8;23;4
relations;9;1;39;18;39;9
strained;8;1;35;16;35;8
minimum;7;1;39;14;39;7
amount;6;1;28;12;28;6
traditional;11;1;49;22;49;11
dress;5;1;24;10;24;5
aspirations;11;1;51;22;51;11
medieval;8;1;41;16;41;8
times;5;2;22;10;44;10
security;8;1;41;16;41;8
eight;5;1;23;10;23;5
thousand;8;1;38;16;38;8
winners;7;1;33;14;33;7
losers;6;1;28;12;28;6
voters;6;1;28;12;28;6
turfed;6;1;30;12;30;6
him;3;1;16;6;16;3
pay;3;1;18;6;18;3
mortgage;8;1;39;16;39;8
collapse;8;1;41;16;41;8
roman;5;1;23;10;23;5
empire;6;1;29;12;29;6
spectacular;11;1;56;22;56;11
explosion;9;1;46;18;46;9
keep;4;4;21;8;84;16
receipts;8;1;37;16;37;8
expenses;8;1;38;16;38;8
assault;7;1;34;14;34;7
months;6;1;27;12;27;6
priorities;10;1;47;20;47;10
order;5;1;23;10;23;5
traveling;9;3;45;18;135;27
requires;8;1;41;16;41;8
fuel;4;2;22;8;44;8
longer;6;1;29;12;29;6
football;8;1;40;16;40;8
field;5;1;26;10;26;5
joke;4;1;23;8;23;4
deserves;8;2;38;16;76;16
laugh;5;1;29;10;29;5
union;5;1;24;10;24;5
strike;6;2;29;12;58;12
mix;3;1;19;6;19;3
religion;8;1;39;16;39;8
politics;8;1;41;16;41;8
interactions;12;1;51;24;51;12
between;7;1;30;14;30;7
men;3;1;13;6;13;3
women;5;1;24;10;24;5
such;4;1;23;8;23;4
silly;5;3;29;10;87;15
sunny;5;1;27;10;27;5
tomorrow;8;2;38;16;76;16
psychiatrist;12;1;60;24;60;12
doctor;6;2;28;12;56;12
appointment;11;1;50;22;50;11
machine;7;1;33;14;33;7
broken;6;2;31;12;62;12
players;7;1;37;14;37;7
know;4;2;23;8;46;8
rules;5;1;26;10;26;5
friend;6;1;29;12;29;6
would;5;2;30;10;60;10
february;8;1;44;16;44;8
extra;5;1;23;10;23;5
books;5;2;28;10;56;10
construction;12;1;56;24;56;12
called;6;1;31;12;31;6
odd;3;1;16;6;16;3
feeling;7;1;34;14;34;7
complete;8;1;38;16;38;8
exasperation;12;1;55;24;55;12
redouble;8;1;41;16;41;8
efforts;7;1;32;14;32;7
kissing;7;1;39;14;39;7
agreement;9;1;38;18;38;9
rife;4;1;19;8;19;4
problems;8;1;43;16;43;8
vote;4;1;18;8;18;4
according;9;1;47;18;47;9
conscience;10;1;46;20;46;10
favourite;9;1;45;18;45;9
sport;5;1;24;10;24;5
racketball;10;1;52;20;52;10
sad;3;1;15;6;15;3
hear;4;1;17;8;17;4
news;4;2;19;8;38;8
gun;3;2;18;6;36;6
discharged;10;1;52;20;52;10
accident;8;2;37;16;74;16
poorest;7;1;31;14;31;7
nations;7;1;29;14;29;7
algorithm;9;1;45;18;45;9
presentation;12;1;50;24;50;12
inspiring;9;1;47;18;47;9
land;4;1;20;8;20;4
owned;5;1;24;10;24;5
government;10;1;47;20;47;10
burglars;8;1;46;16;46;8
their;5;4;21;10;84;20
business;8;1;41;16;41;8
card;4;1;21;8;21;4
fire;4;2;19;8;38;8
blazed;6;1;34;12;34;6
diplomacy;9;1;51;18;51;9
does;4;3;18;8;54;12
confidential;12;1;56;24;56;12
rationale;9;1;38;18;38;9
behind;6;1;30;12;30;6
decision;8;1;38;16;38;8
cat;3;1;13;6;13;3
pleasant;8;1;36;16;36;8
temperament;11;1;47;22;47;11
housekeeper;11;1;53;22;53;11
thorough;8;1;40;16;40;8
majesty;7;1;36;14;36;7
visited;7;1;35;14;35;7
handicapped;11;1;57;22;57;11
persons;7;1;33;14;33;7
need;4;2;16;8;32;8
consideration;13;1;58;26;58;13
barracks;8;1;44;16;44;8
enough;6;2;30;12;60;12
sing;4;1;21;8;21;4
gospel;6;1;32;12;32;6
blues;5;1;28;10;28;5
underwent;9;1;42;18;42;9
triple;6;1;29;12;29;6
bypass;6;1;35;12;35;6
surgery;7;1;39;14;39;7
hopes;5;1;24;10;24;5
peering;7;1;34;14;34;7
small;5;2;27;10;54;10
hole;4;1;18;8;18;4
rapidly;7;1;40;14;40;7
running;7;1;36;14;36;7
short;5;1;22;10;22;5
concentrate;11;1;45;22;45;11
give;4;1;23;8;23;4
spoonful;8;1;43;16;43;8
or;2;2;9;4;18;4
cups;4;1;25;8;25;4
says;4;1;21;8;21;4
companies;9;1;44;18;44;9
announce;8;1;36;16;36;8
merger;6;1;29;12;29;6
electric;8;1;37;16;37;8
cars;4;2;20;8;40;8
cells;5;1;26;10;26;5
plug;4;1;27;8;27;4
socket;6;1;29;12;29;6
avoided;7;1;36;14;36;7
sunset;6;1;27;12;27;6
dine;4;1;18;8;18;4
weekends;8;1;39;16;39;8
aboard;6;1;30;12;30;6
ship;4;1;22;8;22;4
leaving;7;1;37;14;37;7
monitored;9;1;40;18;40;9
daily;5;1;28;10;28;5
astonishment;12;1;51;24;51;12
scratch;7;1;34;14;34;7
tabletop;8;1;37;16;37;8
salesmen;8;1;36;16;36;8
quota;5;1;26;10;26;5
saving;6;1;33;12;33;6
child;5;1;28;10;28;5
heroic;6;1;28;12;28;6
granite;7;1;31;14;31;7
hardest;7;2;31;14;62;14
rocks;5;1;28;10;28;5
offenders;9;1;42;18;42;9
justice;7;1;37;14;37;7
saturday;8;1;41;16;41;8
folds;5;1;27;10;27;5
laundry;7;1;39;14;39;7
careless;8;1;37;16;37;8
driving;7;1;40;14;40;7
results;7;1;34;14;34;7
fine;4;3;18;8;54;12
microscopes;11;1;56;22;56;11
look;4;2;22;8;44;8
coupon;6;1;32;12;32;6
free;4;1;17;8;17;4
sample;6;1;31;12;31;6
moderation;10;1;44;20;44;10
really;6;1;31;12;31;6
enjoy;5;2;26;10;52;10
political;9;1;46;18;46;9
parties;7;1;32;14;32;7
sticker;7;1;35;14;35;7
validated;9;1;45;18;45;9
raged;5;1;25;10;25;5
entire;6;2;23;12;46;12
month;5;3;22;10;66;15
precautions;11;1;53;22;53;11
witnesses;9;1;40;18;40;9
labour;6;1;33;12;33;6
unions;6;1;29;12;29;6
how;3;1;16;6;16;3
organize;8;1;40;16;40;8
blow;4;1;24;8;24;4
horn;4;1;18;8;18;4
correction;10;1;45;20;45;10
published;9;1;51;18;51;9
baroque;7;1;38;14;38;7
classical;9;1;47;18;47;9
proprietor;10;1;48;20;48;10
unavailable;11;1;58;22;58;11
discreet;8;1;36;16;36;8
lavatory;8;1;41;16;41;8
suburbs;7;1;43;14;43;7
everywhere;10;1;49;20;49;10
shivering;9;1;47;18;47;9
dolphins;8;1;42;16;42;8
leap;4;1;20;8;20;4
try;3;2;15;6;30;6
maternity;9;1;40;18;40;9
ventilation;11;1;49;22;49;11
dinosaurs;9;1;45;18;45;9
been;4;1;17;8;17;4
extinct;7;1;32;14;32;7
ages;4;1;19;8;19;4
inefficient;11;1;50;22;50;11
heat;4;1;15;8;15;4
bus;3;2;19;6;38;6
crowded;7;1;37;14;37;7
injustice;9;1;46;18;46;9
committed;9;1;42;18;42;9
coronation;10;1;43;20;43;10
exciting;8;1;41;16;41;8
syllabus;8;1;47;16;47;8
course;6;1;30;12;30;6
rectangular;11;1;54;22;54;11
sides;5;1;24;10;24;5
prescription;12;1;59;24;59;12
require;7;1;36;14;36;7
note;4;1;14;8;14;4
insulation;10;1;47;20;47;10
working;7;1;40;14;40;7
finer;5;1;23;10;23;5
discovering;11;1;58;22;58;11
treasure;8;1;35;16;35;8
expectancy;10;1;51;20;51;10
increased;9;1;41;18;41;9
top;3;1;14;6;14;3
waves;5;1;27;10;27;5
swamp;5;1;29;10;29;5
treasurer;9;1;40;18;40;9
balance;7;1;34;14;34;7
completely;10;1;51;20;51;10
sold;4;1;21;8;21;4
location;8;1;36;16;36;8
chancellor;10;1;49;20;49;10
scene;5;1;21;10;21;5
shrine;6;1;27;12;27;6
fans;4;1;19;8;19;4
tumor;5;1;25;10;25;5
ok;2;1;12;4;12;2
provided;8;1;44;16;44;8
benign;6;1;30;12;30;6
bath;4;1;19;8;19;4
rent;4;1;15;8;15;4
paid;4;1;22;8;22;4
beginning;9;1;46;18;46;9
murder;6;1;32;12;32;6
prison;6;1;30;12;30;6
sentence;8;1;31;16;31;8
higher;6;1;30;12;30;6
cancer;6;1;28;12;28;6
quit;4;1;23;8;23;4
while;5;1;26;10;26;5
ahead;5;1;22;10;22;5
knee;4;1;18;8;18;4
thigh;5;1;25;10;25;5
safe;4;1;18;8;18;4
streets;7;1;27;14;27;7
evening;7;1;34;14;34;7
luckily;7;1;45;14;45;7
wallet;6;1;29;12;29;6
found;5;2;27;10;54;10
hour;4;1;21;8;21;4
allotted;8;1;35;16;35;8
raise;5;1;22;10;22;5
jobs;4;1;24;8;24;4
those;5;1;20;10;20;5
education;9;1;42;18;42;9
trains;6;1;26;12;26;6
sit;3;1;13;6;13;3
front;5;1;22;10;22;5
prefer;6;1;29;12;29;6
seat;4;1;15;8;15;4
restaurant;10;1;43;20;43;10
canada;6;1;28;12;28;6
provinces;9;1;47;18;47;9
elevator;8;1;36;16;36;8
door;4;1;19;8;19;4
appears;7;1;35;14;35;7
raindrops;9;1;45;18;45;9
falling;7;1;38;14;38;7
excellent;9;1;42;18;42;9
each;4;1;18;8;18;4
step;4;1;18;8;18;4
forward;7;1;37;14;37;7
speeding;8;1;40;16;40;8
bullet;6;1;32;12;32;6
wishful;7;1;41;14;41;7
thinking;8;1;41;16;41;8
style;5;1;24;10;24;5
arguing;7;1;39;14;39;7
boss;4;1;21;8;21;4
futile;6;1;30;12;30;6
taking;6;1;31;12;31;6
train;5;1;21;10;21;5
usually;7;1;42;14;42;7
goes;4;1;19;8;19;4
down;4;1;21;8;21;4
persistent;10;1;43;20;43;10
presidents;10;1;46;20;46;10
stock;5;1;26;10;26;5
dipped;6;1;34;12;34;6
why;3;1;19;6;19;3
nasty;5;1;23;10;23;5
cut;3;1;16;6;16;3
when;4;2;19;8;38;8
oil;3;1;15;6;15;3
runs;4;1;21;8;21;4
learn;5;2;22;10;44;10
insurance;9;1;43;18;43;9
drivers;7;1;37;14;37;7
conferences;11;1;49;22;49;11
fun;3;1;17;6;17;3
nervous;7;1;36;14;36;7
speak;5;1;27;10;27;5
pumping;7;1;43;14;43;7
helps;5;1;26;10;26;5
roads;5;1;24;10;24;5
slippery;8;1;45;16;45;8
challenged;10;1;50;20;50;10
apartments;10;1;44;20;44;10
find;4;2;21;8;42;8
nearby;6;1;30;12;30;6
spot;4;1;19;8;19;4
powder;6;1;32;12;32;6
handled;7;1;34;14;34;7
ordered;7;1;32;14;32;7
rattle;6;1;24;12;24;6
snake;5;1;24;10;24;5
poisonous;9;1;45;18;45;9
weeping;7;1;36;14;36;7
willows;7;1;40;14;40;7
near;4;1;16;8;16;4
believe;7;1;35;14;35;7
ate;3;1;10;6;10;3
whole;5;1;25;10;25;5
biggest;7;1;37;14;37;7
hamburger;9;1;49;18;49;9
ever;4;1;19;8;19;4
seen;4;1;15;8;15;4
gamblers;8;1;43;16;43;8
eventually;10;1;51;20;51;10
shirts;6;1;28;12;28;6
irregular;9;1;47;18;47;9
verbs;5;1;28;10;28;5
might;5;1;26;10;26;5
comment;7;1;32;14;32;7
offensive;9;1;44;18;44;9
tell;4;1;18;8;18;4
lie;3;4;14;6;56;12
nose;4;2;16;8;32;8
grow;4;1;23;8;23;4
enlarged;8;1;38;16;38;8
suggests;8;1;42;16;42;8
liar;4;1;20;8;20;4
detector;8;1;33;16;33;8
tests;5;1;19;10;19;5
court;5;2;25;10;50;10
judges;6;1;36;12;36;6
honest;6;1;24;12;24;6
idiot;5;1;23;10;23;5
seems;5;1;22;10;22;5
doors;5;2;24;10;48;10
locked;6;2;33;12;66;12
dormitory;9;1;45;18;45;9
night;5;1;24;10;24;5
capitalist;10;1;48;20;48;10
pig;3;1;19;6;19;3
motivational;12;1;56;24;56;12
seminars;8;1;37;16;37;8
sick;4;1;24;8;24;4
questioning;11;1;55;22;55;11
wisdom;6;1;33;12;33;6
courts;6;1;30;12;30;6
rejection;9;1;41;18;41;9
letters;7;1;28;14;28;7
discouraging;12;1;65;24;65;12
tried;5;1;22;10;22;5
swim;4;1;23;8;23;4
referendum;10;1;48;20;48;10
steep;5;1;21;10;21;5
learning;8;1;38;16;38;8
curve;5;1;29;10;29;5
riding;6;1;32;12;32;6
unicycle;8;1;44;16;44;8
stimulus;8;1;44;16;44;8
everybody;9;1;50;18;50;9
looses;6;1;27;12;27;6
custody;7;1;38;14;38;7
battles;7;1;31;14;31;7
garbage;7;1;37;14;37;7
abandoned;9;1;42;18;42;9
mine;4;1;18;8;18;4
employee;8;1;39;16;39;8
recruitment;11;1;50;22;50;11
lottery;7;1;31;14;31;7
picket;6;1;32;12;32;6
line;4;1;18;8;18;4
gives;5;1;28;10;28;5
chills;6;1;33;12;33;6
